ID,Episode,Title,Subject
1,S01E01,A Walk In The Woods,"Bushes, Deciduous, Grass, River, Tree, Trees"
2,S01E02,Mt. Mckinley,"Cabin, Clouds, Conifer, Mountain, Snow, Snowy_Mountain, Tree, Trees, Winter"
3,S01E03,Ebony Sunset,"Cabin, Conifer, Fence, Mountain, Mountains, Structure, Sun, Tree, Trees, Winter"
4,S01E04,Winter Mist,"Bushes, Clouds, Conifer, Lake, Mountain, Snowy_Mountain, Tree, Trees"
5,S01E05,Quiet Stream,"Deciduous, River, Rocks, Tree, Trees"
6,S01E06,Winter Moon,"Cabin, Conifer, Lake, Moon, Mountain, Mountains, Night, Snow, Snowy_Mountain, Structure, Tree, Trees, Winter"
7,S01E07,Autumn Mountains,"Deciduous, Lake, Mountain, Mountains, Snowy_Mountain, Tree, Trees"
8,S01E08,Peaceful Valley,"Bushes, Conifer, Lake, Mountain, Mountains, Tree, Trees"
9,S01E09,Seascape,"Beach, Clouds, Fence, Ocean"
10,S01E10,Mountain Lake,"Bushes, Conifer, Deciduous, Lake, Mountain, Tree, Trees"
11,S01E11,Winter Glow,"Deciduous, Lake, Tree, Trees"
12,S01E12,Snowfall,"Cirrus, Clouds, Conifer, Lake, Mountain, Mountains, Snowy_Mountain, Tree, Trees"
13,S01E13,Final Reflections,"Bushes, Conifer, Deciduous, Grass, Mountain, Snowy_Mountain, Tree, Trees"
14,S02E01,Meadow Lake,"Bushes, Conifer, Cumulus, Deciduous, Grass, Lake, Mountain, Snowy_Mountain, Tree, Trees"
15,S02E02,Winter Sun,"Conifer, Lake, Snow, Sun, Tree, Trees"
16,S02E03,Ebony Sea,"Clouds, Cumulus, Deciduous, Ocean, Sun, Tree, Trees, Waves"
17,S02E04,Shades Of Grey,"Bushes, Cabin, Clouds, Conifer, Cumulus, Deciduous, Lake, Mountain, Mountains, Snow, Snowy_Mountain, Structure, Tree, Trees"
18,S02E05,Autumn Splendor,"Bushes, Deciduous, Grass, Lake, Tree, Trees"
19,S02E06,Black River,"Bushes, Clouds, Cumulus, Deciduous, Grass, River, Tree, Trees"
20,S02E07,Brown Mountain,"Clouds, Conifer, Cumulus, Grass, Lake, Mountain, Mountains, Tree, Trees"
21,S02E08,Reflections,"Bushes, Cirrus, Clouds, Conifer, Lake, Mountain, Snowy_Mountain, Tree, Trees"
22,S02E09,Black & White Seascape,"Cirrus, Cumulus, Deciduous, Ocean, Rocks, Sun, Tree, Trees, Waves"
23,S02E10,Lazy River,"Deciduous, Grass, River, Tree, Trees"
24,S02E11,Black Waterfall,"Bushes, Clouds, Conifer, Cumulus, Deciduous, Grass, River, Rocks, Tree, Trees, Waterfall"
25,S02E12,Mountain Waterfall,"Deciduous, Grass, Lake, Mountain, Mountains, Snowy_Mountain, Tree, Trees, Waterfall"
26,S02E13,Final Grace,"Bushes, Clouds, Conifer, Cumulus, Lake, Mountain, Mountains, Snowy_Mountain, Tree, Trees"
27,S03E01,Mountain Retreat,"Bushes, Cabin, Conifer, Deciduous, Lake, Mountain, Mountains, Structure, Tree, Trees"
28,S03E02,Blue Moon,"Clouds, Cumulus, Moon, Night, Ocean, Palm_Trees, Tree, Trees, Waves"
29,S03E03,Bubbling Stream,"Deciduous, Grass, River, Rocks, Tree, Trees"
30,S03E04,Winter Night,"Cabin, Conifer, Snow, Structure, Tree, Trees, Winter"
31,S03E05,Distant Hills,"Cirrus, Clouds, Conifer, Deciduous, Hills, Lake, Mountain, Mountains, Tree, Trees"
32,S03E06,Covered Bridge,"Bridge, Deciduous, Path, Structure, Tree, Trees"
33,S03E07,Quiet Inlet,"Deciduous, Lake, Mountain, Mountains, Tree, Trees"
34,S03E08,Night Light,"Cliff, Clouds, Cumulus, Lighthouse, Night, Ocean, Structure, Waves"
35,S03E09,The Old Mill,"Bushes, Cabin, Clouds, Cumulus, Deciduous, Mill, River, Structure, Tree, Trees"
36,S03E10,Campfire,"Bushes, Deciduous, Fire, Lake, Person, Tree, Trees"
37,S03E11,Rustic Barn,"Barn, Deciduous, Fence, Lake, Structure, Tree, Trees"
38,S03E12,Hidden Lake,"Bushes, Conifer, Deciduous, Lake, Mountain, Mountains, Tree, Trees"
39,S03E13,Peaceful Waters,"Clouds, Conifer, Cumulus, Deciduous, Guest, Lake, Mountain, Snowy_Mountain, Steve_Ross, Tree, Trees"
40,S04E01,Purple Splendor,"Cabin, Conifer, Lake, Snow, Structure, Tree, Trees, Winter"
41,S04E02,Tranquil Valley,"Bushes, Clouds, Cumulus, Deciduous, Grass, Lake, Mountain, Mountains, Tree, Trees"
42,S04E03,Majestic Mountains,"Bushes, Conifer, Grass, Mountain, Mountains, Snowy_Mountain, Tree, Trees"
43,S04E04,Winter Sawscape,"Cabin, Circle_Frame, Clouds, Conifer, Cumulus, Deciduous, Framed, Guest, Lake, Snow, Structure, Tree, Trees, Winter"
44,S04E05,Evening Seascape,"Beach, Cliff, Clouds, Conifer, Cumulus, Ocean, Rocks, Tree, Trees, Waves"
45,S04E06,Warm Summer Day,"Bushes, Deciduous, Lake, Tree, Trees"
46,S04E07,Cabin In The Woods,"Cabin, Deciduous, Grass, Path, Structure, Tree, Trees"
47,S04E08,Wetlands,"Conifer, Deciduous, Grass, Lake, Tree, Trees"
48,S04E09,Cool Waters,"Bushes, Clouds, Conifer, Lake, Mountain, Mountains, Snowy_Mountain, Tree, Trees"
49,S04E10,Quiet Woods,"Bushes, Conifer, Grass, River, Tree, Trees"
50,S04E11,Northwest Majesty,"Clouds, Conifer, Cumulus, Diane_Andre, Guest, Mountain, Mountains, Snowy_Mountain, Tree, Trees"
51,S04E12,Autumn Days,"Deciduous, Grass, Hills, Lake, Tree, Trees"
52,S04E13,Mountain Challenge,"Conifer, Grass, Lake, Mountain, Snowy_Mountain, Tree"
53,S05E01,Mountain Waterfall,"Bushes, Clouds, Conifer, Cumulus, Lake, Mountain, Mountains, Snowy_Mountain, Tree, Trees, Waterfall"
54,S05E02,Twilight Meadow,"Clouds, Cumulus, Deciduous, Grass, Lake, Tree, Trees"
55,S05E03,Mountain Blossoms,"Conifer, Flowers, Guest, Mountain, Mountains, Snow, Snowy_Mountain, Tree, Trees"
56,S05E04,Winter Stillness,"Conifer, Deciduous, Lake, Snow, Tree, Trees, Winter"
57,S05E05,Quiet Pond,"Deciduous, Grass, Lake, Tree, Trees"
58,S05E06,Ocean Sunrise,"Clouds, Grass, Guest, Ocean, Sun"
59,S05E07,Bubbling Brook,"Deciduous, Grass, River, Rocks, Tree, Trees"
60,S05E08,Arizona Splendor,"Deciduous, Grass, Mountain, Mountains, River, Tree, Trees"
61,S05E09,Anatomy Of A Wave,"Guest, Ocean, Waves"
62,S05E10,The Windmill,"Barn, Clouds, Deciduous, Path, Structure, Tree, Windmill"
63,S05E11,Autumn Glory,"Bushes, Clouds, Cumulus, Deciduous, Grass, Lake, Mountain, Rocks, Snowy_Mountain, Tree, Trees"
64,S05E12,Indian Girl,"Guest, Portrait"
65,S05E13,Meadow Stream,"Barn, Clouds, Deciduous, Grass, River, Rocks, Structure, Tree, Trees"
66,S06E01,Blue River,"Bushes, Conifer, Deciduous, Grass, Hills, River, Tree, Trees"
67,S06E02,Nature'S Edge,"Bushes, Cabin, Clouds, Deciduous, Fog, Grass, Lake, Structure, Tree, Trees"
68,S06E03,Morning Mist,"Clouds, Conifer, Fog, Lake, Mountain, Snowy_Mountain, Tree, Trees"
69,S06E04,Whispering Stream,"Deciduous, Grass, River, Rocks, Tree, Trees"
70,S06E05,Secluded Forest,"Bushes, Deciduous, River, Tree, Trees"
71,S06E06,Snow Trail,"Clouds, Conifer, Cumulus, Grass, Snow, Tree, Trees"
72,S06E07,Arctic Beauty,"Cirrus, Clouds, Conifer, Grass, Mountain, Mountains, River, Snowy_Mountain, Tree, Trees, Waterfall"
73,S06E08,Horizons West,"Bushes, Conifer, Lake, Mountain, Snowy_Mountain, Tree, Trees"
74,S06E09,High Chateau,"Bushes, Cabin, Clouds, Conifer, Cumulus, Grass, Rocks, Tree, Trees"
75,S06E10,Country Life,"Barn, Cirrus, Clouds, Fence, Grass"
76,S06E11,Western Expanse,"Cirrus, Clouds, Deciduous, Mountain, Mountains, River, Tree"
77,S06E12,Marshlands,"Bushes, Clouds, Deciduous, Lake, Tree, Trees"
78,S06E13,Blaze Of Color,"Clouds, Conifer, Deciduous, Grass, Hills, River, Tree, Trees"
79,S07E01,Winter Cabin,"Cabin, Clouds, Deciduous, Snow, Structure, Tree, Winter"
80,S07E02,Secluded Lake,"Clouds, Deciduous, Grass, Lake, Rocks, Tree, Trees"
81,S07E03,Evergreens At Sunset,"Cirrus, Clouds, Conifer, Deciduous, River, Sun, Tree, Trees"
82,S07E04,Mountain Cabin,"Cabin, Clouds, Conifer, Cumulus, Deciduous, Mountain, Mountains, River, Snowy_Mountain, Structure, Tree, Trees"
83,S07E05,Portrait Of Sally,"Guest, Portrait"
84,S07E06,Misty Waterfall,"Bushes, Clouds, Cumulus, Deciduous, Lake, River, Tree, Trees, Waterfall"
85,S07E07,Barn At Sunset,"Barn, Clouds, Cumulus, Deciduous, Path, Snow, Structure, Tree, Trees"
86,S07E08,Mountain Splendor,"Bushes, Deciduous, Mountain, River, Snowy_Mountain, Tree, Trees"
87,S07E09,Lake By Mountain,"Bushes, Clouds, Cumulus, Deciduous, Guest, Lake, Mountain, Snowy_Mountain, Steve_Ross, Tree, Trees"
88,S07E10,Mountain Glory,"Clouds, Conifer, Grass, Mountain, Mountains, Snowy_Mountain, Tree, Trees"
89,S07E11,Grey Winter,"Bushes, Clouds, Lake, Snow, Tree, Trees, Winter"
90,S07E12,Dock Scene,"Boat, Clouds, Cumulus, Deciduous, Dock, Lake, Structure, Tree"
91,S07E13,Dark Waterfall,"Bushes, Deciduous, River, Tree, Trees, Waterfall"
92,S08E01,Misty Rolling Hills,"Conifer, Fog, Grass, Mountain, Mountains, Tree, Trees"
93,S08E02,Lakeside Cabin,"Bushes, Cabin, Circle_Frame, Clouds, Deciduous, Framed, Grass, Lake, Structure, Tree, Trees"
94,S08E03,Warm Winter Day,"Cabin, Deciduous, Grass, Snow, Structure, Sun, Tree, Trees, Winter"
95,S08E04,Waterside Way,"Bushes, Deciduous, Grass, Lake, Path, Rocks, Tree, Trees"
96,S08E05,Hunter'S Haven,"Cabin, Cirrus, Clouds, Conifer, Deciduous, Path, River, Rocks, Structure, Tree, Trees"
97,S08E06,Bubbling Mountain Brook,"Bushes, Clouds, Conifer, Grass, Mountain, Mountains, River, Tree, Trees"
98,S08E07,Winter Hideaway,"Cabin, Conifer, Deciduous, Fence, Snow, Structure, Tree, Trees, Winter"
99,S08E08,Foot Of The Mountain,"Conifer, Deciduous, Grass, Mountain, Mountains, River, Snowy_Mountain, Tree, Trees"
100,S08E09,Majestic Pine,"Bushes, Clouds, Conifer, Framed, Rectangular_Frame, Tree, Trees"
101,S08E10,Cactus At Sunset,"Cactus, Clouds, Path, Rocks"
102,S08E11,Mountain Range,"Clouds, Conifer, Cumulus, Deciduous, Guest, Lake, Mountain, Mountains, Snowy_Mountain, Steve_Ross, Tree, Trees"
103,S08E12,Lonely Retreat,"Cabin, Clouds, Conifer, Snow, Structure, Tree, Winter"
104,S08E13,Northern Lights,"Aurora_Borealis, Cabin, Conifer, Deciduous, Lake, Mountain, Night, Snow, Snowy_Mountain, Structure, Tree, Trees, Winter"
105,S09E01,Winter Evergreens,"Cirrus, Clouds, Conifer, Mountain, Mountains, Snow, Snowy_Mountain, Sun, Tree, Trees, Winter"
106,S09E02,Surf'S Up,"Beach, Cliff, Clouds, Cumulus, Ocean, Rocks, Waves"
107,S09E03,Red Sunset,"Bushes, Clouds, Conifer, Lake, Tree, Trees"
108,S09E04,Meadow Road,"Bushes, Clouds, Conifer, Cumulus, Deciduous, Grass, Mountain, Mountains, Path, Snowy_Mountain, Tree, Trees"
109,S09E05,Winter Oval,"Bushes, Cabin, Conifer, Fog, Framed, Mountain, Oval_Frame, River, Snowy_Mountain, Structure, Tree, Trees"
110,S09E06,Secluded Beach,"Beach, Clouds, Cumulus, Ocean, Rocks, Waves"
111,S09E07,Forest Hills,"Bushes, Conifer, Deciduous, Mountain, Mountains, River, Rocks, Snowy_Mountain, Tree, Trees"
112,S09E08,Little House By-The-Road,"Cabin, Deciduous, Fence, Mountain, Path, Structure, Tree, Trees"
113,S09E09,Mountain Path,"Bushes, Clouds, Mountain, River, Snowy_Mountain, Tree, Trees"
114,S09E10,Country Charm,
115,S09E11,Nature'S Paradise,"Bushes, Clouds, Cumulus, Deciduous, Grass, Mountain, Mountains, River, Tree, Trees"
116,S09E12,Mountain-By-The-Sea,"Beach, Bushes, Clouds, Cumulus, Deciduous, Mountain, Ocean, Snowy_Mountain, Tree, Waves"
117,S09E13,Mountain Hide-Away,"Cirrus, Clouds, Conifer, Deciduous, Grass, Mountain, Mountains, River, Snowy_Mountain, Tree, Trees"
118,S10E01,Towering Peaks,"Bushes, Clouds, Conifer, Cumulus, Deciduous, Hills, Lake, Mountain, Snowy_Mountain, Tree, Trees"
119,S10E02,Cabin At Sunset,"Cabin, Clouds, Conifer, Fence, Grass, Structure, Tree, Trees"
120,S10E03,Twin Falls,"Clouds, Conifer, Deciduous, Grass, Hills, River, Rocks, Tree, Trees, Waterfall"
121,S10E04,Secluded Bridge,"Bridge, Deciduous, River, Rocks, Structure, Tree, Trees"
122,S10E05,Ocean Breeze,"Clouds, Cumulus, Ocean, Rocks, Waves"
123,S10E06,Autumn Woods,"Bushes, Clouds, Conifer, Cumulus, Deciduous, Lake, Mountain, Mountains, Snowy_Mountain, Tree, Trees"
124,S10E07,Winter Solitude,"Bushes, Deciduous, Snow, Tree, Trees, Winter"
125,S10E08,Golden Sunset,"Deciduous, Lake, Snow, Sun, Tree, Trees"
126,S10E09,Mountain Oval,"Bushes, Cirrus, Clouds, Conifer, Deciduous, Framed, Guest, Lake, Mountain, Mountains, Oval_Frame, Snowy_Mountain, Steve_Ross, Tree, Trees"
127,S10E10,Ocean Sunset,"Beach, Clouds, Ocean, Rocks, Waves"
128,S10E11,Triple View,"Cabin, Conifer, Deciduous, Framed, Grass, Mountain, Mountains, Path, Snowy_Mountain, Structure, Tree, Trees, Triple_Frame"
129,S10E12,Winter Frost,"Clouds, Conifer, Deciduous, Mountain, Mountains, Snow, Snowy_Mountain, Sun, Tree, Trees, Winter"
130,S10E13,Lakeside Cabin,"Cabin, Clouds, Cumulus, Deciduous, Grass, Lake, Path, Rocks, Structure, Tree, Trees"
131,S11E01,Mountain Stream,"Conifer, Grass, Mountain, River, Snowy_Mountain, Tree, Trees"
132,S11E02,Country Cabin,"Bushes, Cabin, Clouds, Conifer, Deciduous, Snow, Structure, Tree, Trees, Winter"
133,S11E03,Daisy Delight,"Conifer, Fence, Flowers, Tree, Trees"
134,S11E04,Hidden Stream,"Bushes, Clouds, Deciduous, River, Tree, Trees, Waterfall"
135,S11E05,Towering Glacier,"Clouds, Conifer, Cumulus, Grass, Mountain, River, Rocks, Snowy_Mountain, Tree, Trees, Waterfall"
136,S11E06,Oval Barn,"Barn, Bushes, Clouds, Cumulus, Deciduous, Framed, Oval_Frame, Snow, Structure, Tree, Trees, Winter"
137,S11E07,Lakeside Path,"Bushes, Clouds, Conifer, Cumulus, Deciduous, Grass, Lake, Path, Rocks, Tree, Trees"
138,S11E08,Sunset Oval,"Bushes, Clouds, Conifer, Cumulus, Deciduous, Framed, Lake, Mountain, Oval_Frame, Snowy_Mountain, Tree, Trees"
139,S11E09,Winter Barn,"Barn, Cirrus, Clouds, Deciduous, Snow, Structure, Tree, Trees, Winter"
140,S11E10,Sunset Over The Waves,"Beach, Clouds, Ocean, Rocks, Sun, Waves"
141,S11E11,Golden Glow,"Clouds, Conifer, Lake, Snow, Tree, Trees, Waterfall"
142,S11E12,Roadside Barn,"Barn, Clouds, Cumulus, Deciduous, Fence, Lake, Path, Structure, Tree, Trees"
143,S11E13,Happy Accident,"Bushes, Deciduous, Grass, River, Rocks, Tree, Trees"
144,S12E01,Golden Knoll,"Cabin, Deciduous, Fog, Grass, Structure, Sun, Tree"
145,S12E02,Mountain Reflections,"Bushes, Clouds, Conifer, Cumulus, Mountain, Mountains, River, Rocks, Snowy_Mountain, Tree, Trees"
146,S12E03,Secluded Mountain,"Clouds, Conifer, Cumulus, Deciduous, Grass, Lake, Mountain, Rocks, Tree, Trees"
147,S12E04,Bright Autumn Trees,"Bushes, Deciduous, Path, River, Tree, Trees"
148,S12E05,Black Seascape,"Beach, Clouds, Cumulus, Night, Ocean, Rocks, Waves"
149,S12E06,Steep Mountains,"Bushes, Cabin, Cirrus, Clouds, Conifer, Deciduous, Grass, Lake, Mountain, Mountains, Structure, Tree, Trees"
150,S12E07,Quiet Mountain River,"Bushes, Clouds, Conifer, Cumulus, Deciduous, Grass, Mountain, River, Snowy_Mountain, Tree, Trees"
151,S12E08,Evening Waterfall,"Conifer, Grass, River, Tree, Trees, Waterfall"
152,S12E09,Tropical Seascape,"Beach, Cirrus, Clouds, Ocean, Palm_Trees, Waves"
153,S12E10,Mountain At Sunset,"Bushes, Clouds, Conifer, Deciduous, Grass, Mountain, River, Snowy_Mountain, Tree, Trees"
154,S12E11,Soft Mountain Glow,"Bushes, Conifer, Grass, Mountain, River, Snowy_Mountain, Tree, Trees"
155,S12E12,Mountain In An Oval,"Bushes, Clouds, Conifer, Cumulus, Deciduous, Framed, Grass, Mountain, Mountains, Oval_Frame, River, Sun, Tree, Trees"
156,S12E13,Winter Mountain,"Conifer, Mountain, Mountains, River, Snow, Snowy_Mountain, Tree, Trees, Winter"
157,S13E01,Rolling Hills,"Bushes, Deciduous, Grass, Hills, Lake, Tree, Trees"
158,S13E02,Frozen Solitude,"Bushes, Cabin, Clouds, Conifer, Lake, Mountain, Mountains, Snow, Snowy_Mountain, Structure, Tree, Trees, Winter"
159,S13E03,Meadow Brook,"Cirrus, Clouds, Deciduous, Framed, Grass, Mountain, Oval_Frame, River, Tree, Trees"
160,S13E04,Evening At Sunset,"Bushes, Cabin, Cirrus, Clouds, Conifer, Deciduous, River, Rocks, Structure, Tree, Trees"
161,S13E05,Mountain View,"Clouds, Deciduous, Grass, Mountain, Mountains, River, Rocks, Tree, Trees"
162,S13E06,Hidden Creek,"Deciduous, Grass, River, Tree, Trees"
163,S13E07,Peaceful Haven,"Clouds, Conifer, Cumulus, Path, River, Tree, Trees"
164,S13E08,Mountain Exhibition,"Clouds, Conifer, Cumulus, Grass, Mountain, Mountains, River, Snowy_Mountain, Tree, Trees"
165,S13E09,Emerald Waters,"Bushes, Deciduous, Lake, Tree, Trees"
166,S13E10,Mountain Summit,"Bushes, Clouds, Conifer, Cumulus, Deciduous, Mountain, River, Snowy_Mountain, Tree, Trees"
167,S13E11,Cabin Hideaway,"Cabin, Conifer, Deciduous, Lake, Mountain, Mountains, Snow, Structure, Tree, Trees, Winter"
168,S13E12,Oval Essence,"Clouds, Conifer, Framed, Night, Ocean, Oval_Frame, Rocks, Tree, Trees, Waves"
169,S13E13,Lost Lake,"Conifer, Grass, Lake, Mountain, Mountains, Path, Snowy_Mountain, Tree, Trees"
170,S14E01,Distant Mountains,"Bushes, Clouds, Conifer, Cumulus, Lake, Mountain, Mountains, Path, Snowy_Mountain, Tree, Trees"
171,S14E02,Meadow Brook Surprise,"Conifer, Grass, River, Tree, Trees"
172,S14E03,Mountain Moonlight Oval,"Conifer, Deciduous, Framed, Grass, Mountain, Mountains, Night, Oval_Frame, Tree, Trees"
173,S14E04,Snowy Solitude,"Cirrus, Clouds, Deciduous, Fence, Snow, Tree, Trees, Winter"
174,S14E05,Mountain River,"Bushes, Clouds, Conifer, Cumulus, Fog, Framed, Mountain, Mountains, River, Rocks, Tomb_Frame, Tree, Trees"
175,S14E06,Graceful Mountains,"Cirrus, Clouds, Conifer, Deciduous, Mountain, Mountains, River, Snowy_Mountain, Tree, Trees"
176,S14E07,Windy Waves,"Beach, Clouds, Cumulus, Grass, Ocean, Palm_Trees, Waves"
177,S14E08,On A Clear Day,"Conifer, Mountain, River, Snow, Snowy_Mountain, Sun, Tree, Trees, Winter"
178,S14E09,Riverside Escape Oval,"Clouds, Cumulus, Deciduous, Framed, Oval_Frame, Path, River, Tree, Trees"
179,S14E10,Surprising Falls,"Cirrus, Clouds, Deciduous, Guest, Lake, Mountain, Mountains, Snowy_Mountain, Steve_Ross, Tree, Waterfall"
180,S14E11,Shadow Pond,"Deciduous, Grass, Lake, Tree, Trees"
181,S14E12,Misty Forest Oval,"Clouds, Deciduous, Fog, Framed, Grass, Oval_Frame, Tree, Trees"
182,S14E13,Natural Wonder,"Clouds, Conifer, Cumulus, Deciduous, Grass, Lake, Mountain, Snowy_Mountain, Tree, Trees"
183,S15E01,Splendor Of Winter,"Bushes, Cirrus, Clouds, Conifer, Deciduous, Snow, Sun, Tree, Trees, Winter"
184,S15E02,Colors Of Nature,"Clouds, Cumulus, Deciduous, Grass, River, Tree, Trees"
185,S15E03,Grandpa'S Barn,"Barn, Deciduous, Fence, Grass, Path, Structure, Tree, Trees"
186,S15E04,Peaceful Reflections,
187,S15E05,Hidden Winter Moon Oval,"Cabin, Cirrus, Clouds, Conifer, Framed, Lake, Mountain, Mountains, Oval_Frame, Snowy_Mountain, Structure, Tree, Trees, Winter"
188,S15E06,Waves Of Wonder,"Beach, Clouds, Cumulus, Ocean, Rocks, Waves"
189,S15E07,Cabin By The Pond,"Cabin, Clouds, Conifer, Deciduous, Grass, Lake, Structure, Tree, Trees"
190,S15E08,Fall Stream,"Clouds, Cumulus, Deciduous, Grass, Mountain, Mountains, River, Rocks, Tree, Trees"
191,S15E09,Christmas Eve Snow,"Cabin, Clouds, Conifer, Cumulus, Mountain, Mountains, Snow, Snowy_Mountain, Structure, Tree, Trees, Winter"
192,S15E10,Forest Dawn Oval,"Bushes, Deciduous, Framed, Grass, Oval_Frame, Path, Tree, Trees"
193,S15E11,Pathway To Autumn,"Cabin, Deciduous, Grass, Path, Structure, Tree, Trees"
194,S15E12,Deep Forest Lake,"Deciduous, Lake, Rocks, Tree, Trees"
195,S15E13,Peaks Of Majesty,"Cirrus, Clouds, Conifer, Grass, Lake, Mountain, Mountains, Tree, Trees"
196,S16E01,Two Seasons,"Clouds, Conifer, Cumulus, Deciduous, Fog, Lake, Mountain, Snowy_Mountain, Tree, Trees"
197,S16E02,Nestled Cabin,"Cabin, Deciduous, Grass, Path, Structure, Tree, Trees"
198,S16E03,Wintertime Discovery,"Cabin, Clouds, Conifer, Deciduous, Snow, Structure, Tree, Trees, Winter"
199,S16E04,Mountain Mirage,"Bushes, Clouds, Conifer, Cumulus, Fog, Snow, Tree, Trees, Winter"
200,S16E05,Double Oval Fantasy,"Bushes, Clouds, Conifer, Cumulus, Double_Oval_Frame, Framed, Lake, Mountain, Mountains, Snowy_Mountain, Tree, Trees"
201,S16E06,Contemplative Lady,"Guest, Portrait"
202,S16E07,Deep Woods,"Conifer, River, Rocks, Tree, Trees, Waterfall"
203,S16E08,High Tide,"Beach, Clouds, Ocean, Palm_Trees, Waves"
204,S16E09,Barn In Snow Oval,"Barn, Conifer, Fence, Framed, Oval_Frame, Snow, Structure, Tree, Trees, Winter"
205,S16E10,That Time Of Year,"Clouds, Deciduous, Guest, Hills, Lake, Steve_Ross, Tree, Trees"
206,S16E11,Waterfall Wonder,"Bushes, Deciduous, River, Rocks, Tree, Trees, Waterfall"
207,S16E12,Mighty Mountain Lake,"Clouds, Cumulus, Flowers, Grass, Lake, Mountain, Snowy_Mountain"
208,S16E13,Wooded Stream Oval,"Deciduous, Framed, Oval_Frame, River, Rocks, Tree, Trees"
209,S17E01,Golden Mist Oval,"Conifer, Fog, Framed, Oval_Frame, River, Tree, Trees"
210,S17E02,The Old Home Place,"Cabin, Deciduous, Fence, Grass, Path, Structure, Tree"
211,S17E03,Soothing Vista,"Deciduous, Grass, Lake, Mountain, Mountains, Tree, Trees"
212,S17E04,Stormy Seas,"Beach, Clouds, Cumulus, Ocean, Rocks, Sun, Waves"
213,S17E05,Country Time,"Cabin, Deciduous, Flowers, Framed, Lake, Oval_Frame, Structure, Tree"
214,S17E06,A Mild Winter'S Day,"Clouds, Conifer, Deciduous, River, Snow, Tree, Trees, Winter"
215,S17E07,Spectacular Waterfall,"Conifer, Mountain, Mountains, River, Rocks, Tree, Trees, Waterfall"
216,S17E08,View From The Park,"Apple_Frame, Bridge, Building, Deciduous, Framed, Lake, Structure, Tree, Trees"
217,S17E09,Lake View,"Conifer, Deciduous, Flowers, Grass, Guest, Hills, Lake, Steve_Ross, Tree, Trees"
218,S17E10,Old Country Mill,"Deciduous, Mill, River, Rocks, Structure, Tree, Waterfall"
219,S17E11,Morning Walk,"Deciduous, Fog, Path, Tree, Trees"
220,S17E12,Nature'S Splendor,"Conifer, Grass, Mountain, River, Snowy_Mountain, Tree, Trees"
221,S17E13,Mountain Beauty,"Cumulus, Flowers, Grass, Guest, Hills, Lake, Mountain, Snowy_Mountain, Tree, Trees"
222,S18E01,Half-Oval Vignette,"Bushes, Clouds, Conifer, Cumulus, Framed, Half_Oval_Frame, Lake, Mountain, Mountains, Tree, Trees"
223,S18E02,Absolutely Autumn,"Bushes, Clouds, Cumulus, Deciduous, Grass, River, Tree, Trees"
224,S18E03,Mountain Seclusion,"Cabin, Clouds, Conifer, Mountain, Mountains, River, Snow, Structure, Tree, Trees, Winter"
225,S18E04,Crimson Oval,"Deciduous, Grass, River, Tree, Trees, Waterfall"
226,S18E05,Autumn Exhibition,"Deciduous, Grass, Lake, Tree, Trees"
227,S18E06,Majestic Peaks,"Bushes, Conifer, Lake, Mountain, Mountains, Snowy_Mountain, Tree, Trees"
228,S18E07,Golden Morning Mist,"Deciduous, Fog, Grass, River, Tree, Trees"
229,S18E08,Winter Lace,"Clouds, Cumulus, Deciduous, Framed, Half_Circle_Frame, Lake, Snow, Tree, Trees, Winter"
230,S18E09,Seascape Fantasy,"Beach, Cirrus, Clouds, Ocean, Waves"
231,S18E10,Double Oval Stream,"Bushes, Deciduous, Framed, River, Tree, Trees"
232,S18E11,Enchanted Forest,"Deciduous, Path, Tree, Trees"
233,S18E12,Southwest Serenity,"Cactus, Cirrus, Clouds, Mountain, Mountains, Path"
234,S18E13,Rippling Waters,"Deciduous, River, Rocks, Sun, Tree, Trees, Waterfall"
235,S19E01,Snowfall Magic,"Deciduous, River, Snow, Tree, Trees, Winter"
236,S19E02,Quiet Mountain Lake,"Clouds, Cumulus, Deciduous, Grass, Lake, Mountain, Tree, Trees"
237,S19E03,Final Embers Of Sunlight,"Deciduous, Framed, Oval_Frame, River, Sun, Tree, Trees"
238,S19E04,Snowy Morn,"Cabin, Conifer, Snow, Structure, Tree, Trees, Winter"
239,S19E05,Camper'S Haven,"Bushes, Conifer, Grass, Lake, Mountain, Mountains, Tree, Trees"
240,S19E06,Waterfall In The Woods,"Deciduous, Grass, River, Rocks, Tree, Trees, Waterfall"
241,S19E07,Covered Bridge Oval,"Bridge, Conifer, Fence, Framed, Oval_Frame, River, Snow, Structure, Tree, Trees, Winter"
242,S19E08,Scenic Seclusion,"Bushes, Conifer, Deciduous, Grass, Mountain, River, Tree, Trees, Waterfall"
243,S19E09,Ebb Tide,"Beach, Clouds, Cumulus, Ocean, Rocks, Sun, Waves"
244,S19E10,After The Rain,"Deciduous, Path, Tree, Trees"
245,S19E11,Winter'S Elegance,"Clouds, Cumulus, Deciduous, Lake, Rocks, Snow, Tree, Trees, Winter"
246,S19E12,Evening'S Peace,"Barn, Conifer, Deciduous, Fence, Moon, Night, Snow, Structure, Tree, Trees, Winter"
247,S19E13,Valley Of Tranquility,"Bushes, Clouds, Conifer, Cumulus, Grass, Mountain, Mountains, River, Snowy_Mountain, Tree, Trees, Waterfall"
248,S20E01,Mystic Mountain,"Clouds, Conifer, Cumulus, Deciduous, Lake, Mountain, Snowy_Mountain, Tree, Trees"
249,S20E02,New Day'S Dawn,"Barn, Conifer, Fence, Grass, Path, Structure, Sun, Tree, Trees"
250,S20E03,Pastel Winter,"Conifer, Deciduous, Mountain, Mountains, Snow, Snowy_Mountain, Tree, Trees, Winter"
251,S20E04,Hazy Day,"Deciduous, Fog, Framed, Oval_Frame, River, Rocks, Tree, Trees"
252,S20E05,Divine Elegance,"Clouds, Conifer, Cumulus, Lake, Mountain, Mountains, Rocks, Snowy_Mountain, Tree, Trees"
253,S20E06,Cliffside,"Beach, Cliff, Clouds, Ocean, Rocks, Waves"
254,S20E07,Autumn Fantasy,"Cirrus, Clouds, Conifer, Mountain, Mountains, River, Snowy_Mountain, Tree, Trees"
255,S20E08,The Old Oak Tree,"Deciduous, Grass, River, Tree"
256,S20E09,Winter'S Paradise,"Clouds, Conifer, Cumulus, Mountain, River, Snow, Snowy_Mountain, Tree, Trees, Winter"
257,S20E10,Days Gone By,"Bridge, Bushes, Cabin, Conifer, Deciduous, Path, Structure, Tree, Trees"
258,S20E11,Change Of Seasons,"Deciduous, Mountain, Mountains, River, Snowy_Mountain, Tree, Trees"
259,S20E12,Hidden Delight,"Cabin, Conifer, Deciduous, Path, River, Sun, Tree, Trees"
260,S20E13,Double Take,"Bushes, Conifer, Fog, Lake, Mountain, Mountains, Snow, Snowy_Mountain, Tree, Trees, Winter"
261,S21E01,Valley View,"Conifer, Lake, Mountain, Mountains, Snowy_Mountain, Tree, Trees"
262,S21E02,Tranquil Dawn,"Conifer, Deciduous, Fog, River, Sun, Tree, Trees"
263,S21E03,Royal Majesty,"Clouds, Conifer, Mountain, Mountains, River, Rocks, Snowy_Mountain, Tree, Trees, Waterfall"
264,S21E04,Serenity,"Deciduous, Flowers, River, Tree, Trees, Waterfall"
265,S21E05,Cabin At Trail'S End,"Cabin, Deciduous, Framed, Oval_Frame, Path, Structure, Tree, Trees"
266,S21E06,Mountain Rhapsody,"Conifer, Lake, Mountain, Snow, Snowy_Mountain, Tree, Trees, Winter"
267,S21E07,Wilderness Cabin,"Cabin, Conifer, Lake, Rocks, Structure, Tree, Trees"
268,S21E08,By The Sea,"Beach, Cliff, Clouds, Cumulus, Deciduous, Ocean, Rocks, Sun, Tree, Waves"
269,S21E09,Indian Summer,"Bushes, Conifer, Tree, Trees"
270,S21E10,Blue Winter,"Clouds, Conifer, Cumulus, Mountain, Mountains, River, Snow, Snowy_Mountain, Tree, Trees, Winter"
271,S21E11,Desert Glow,"Cactus, Clouds, Framed, Mountain, Oval_Frame, Path"
272,S21E12,Lone Mountain,"Conifer, Grass, Lake, Mountain, Snowy_Mountain, Tree, Trees"
273,S21E13,Florida'S Glory,"Beach, Florida_Frame, Ocean, Palm_Trees, Waves"
274,S22E01,Autumn Images,"Bushes, Clouds, Cumulus, Deciduous, Flowers, River, Tree, Trees"
275,S22E02,Hint Of Springtime,"Bushes, Conifer, Mountain, Mountains, River, Snowy_Mountain, Tree, Trees, Waterfall"
276,S22E03,Around The Bend,"Conifer, Flowers, River, Rocks, Tree, Trees"
277,S22E04,Countryside Oval,"Clouds, Deciduous, Framed, Grass, Hills, Oval_Frame, River, Tree, Trees"
278,S22E05,Russet Winter,"Barn, Deciduous, Snow, Structure, Tree, Winter"
279,S22E06,Purple Haze,"Bushes, Deciduous, Grass, River, Tree, Trees, Waterfall"
280,S22E07,Dimensions,"Conifer, Framed, Mountain, Mountains, Rectangle_3D_Frame, River, Snowy_Mountain, Tree, Trees"
281,S22E08,Deep Wilderness Home,"Cabin, Cliff, Deciduous, Grass, River, Tree, Trees, Waterfall"
282,S22E09,Haven In The Valley,"Cabin, Conifer, Framed, Lake, Mountain, Mountains, Oval_Frame, Path, Snowy_Mountain, Structure, Tree, Trees"
283,S22E10,Wintertime Blues,"Clouds, Conifer, Cumulus, Mountain, Mountains, Snow, Tree, Trees, Winter"
284,S22E11,Pastel Seascape,"Beach, Clouds, Framed, Ocean, Oval_Frame, Sun, Waves"
285,S22E12,Country Creek,"Conifer, River, Rocks, Tree, Trees"
286,S22E13,Silent Forest,"Conifer, Grass, River, Tree, Trees"
287,S23E01,Frosty Winter Morn,"Cabin, Conifer, Deciduous, Fence, Hills, Snow, Tree, Trees, Winter"
288,S23E02,Forest Edge,"Bushes, Deciduous, Grass, Path, Tree, Trees"
289,S23E03,Mountain Ridge Lake,"Clouds, Conifer, Cumulus, Grass, Lake, Mountain, Mountains, Tree"
290,S23E04,Reflections Of Gold,"Clouds, Deciduous, Framed, Oval_Frame, River, Snow, Sun, Tree, Trees"
291,S23E05,Quiet Cove,"Bushes, Conifer, Deciduous, Hills, Lake, Rocks, Tree, Trees"
292,S23E06,River'S Peace,"Deciduous, Grass, River, Tree, Trees, Waterfall"
293,S23E07,At Dawn'S Light,"Bushes, Conifer, Deciduous, Lake, Path, Tree, Trees"
294,S23E08,Valley Waterfall,"Conifer, Grass, Mountain, River, Rocks, Snowy_Mountain, Tree, Waterfall"
295,S23E09,Toward Day'S End,"Bushes, Cabin, Deciduous, Framed, Grass, Oval_Frame, River, Structure, Tree, Trees"
296,S23E10,Falls In The Glen,"Conifer, Deciduous, Grass, Mountain, River, Tree, Trees, Waterfall"
297,S23E11,Frozen Beauty In Vignette,"Cabin, Conifer, Deciduous, Lake, Snow, Structure, Tree, Trees, Winter"
298,S23E12,Crimson Tide,"Beach, Cliff, Clouds, Ocean, Rocks, Sun, Waves"
299,S23E13,Winter Bliss,"Bushes, Deciduous, Framed, Lake, Mountain, Mountains, Oval_Frame, Snow, Snowy_Mountain, Tree, Winter"
300,S24E01,Gray Mountain,"Bushes, Conifer, Mountain, River, Snowy_Mountain, Tree, Trees"
301,S24E02,Wayside Pond,"Deciduous, Lake, Tree, Trees"
302,S24E03,Teton Winter,"Cabin, Deciduous, Mountain, Snow, Snowy_Mountain, Structure, Tree, Trees, Winter"
303,S24E04,Little Home In The Meadow,"Cabin, Conifer, Deciduous, Framed, Grass, Oval_Frame, Structure, Tree, Trees"
304,S24E05,A Pretty Autumn Day,"Clouds, Conifer, Deciduous, Grass, Mountain, River, Rocks, Snowy_Mountain, Tree, Trees"
305,S24E06,Mirrored Images,"Clouds, Conifer, Lake, Mountain, Mountains, Rocks, Tree, Trees"
306,S24E07,Back Country,"Bushes, Deciduous, Path, Tree, Trees"
307,S24E08,Graceful Waterfall,"Cliff, Deciduous, River, Rocks, Tree, Trees, Waterfall"
308,S24E09,Icy Lake,"Conifer, Deciduous, Framed, Guest, Lake, Oval_Frame, Snow, Steve_Ross, Tree, Trees, Winter"
309,S24E10,Rowboat On The Beach,"Beach, Boat, Clouds, Framed, Grass, Hills, Ocean, Oval_Frame, Sun, Waves"
310,S24E11,Portrait Of Winter,"Bushes, Conifer, Lake, Mountain, Mountains, Snow, Snowy_Mountain, Tree, Trees, Winter"
311,S24E12,The Footbridge,"Bridge, Conifer, Deciduous, Grass, River, Rocks, Structure, Tree, Trees"
312,S24E13,Snowbound Cabin,"Cabin, Clouds, Conifer, Deciduous, Fence, Snow, Tree, Trees, Winter"
313,S25E01,Hide-A-Way Cove,"Bushes, Conifer, Lake, Mountain, Snowy_Mountain, Tree, Trees"
314,S25E02,Enchanted Falls Oval,"Deciduous, Framed, Oval_Frame, River, Tree, Trees, Waterfall"
315,S25E03,Not Quite Spring,"Conifer, Lake, Mountain, Snow, Snowy_Mountain, Tree, Trees, Winter"
316,S25E04,Splashes Of Autumn,"Deciduous, Lake, River, Tree, Trees, Waterfall"
317,S25E05,Summer In The Mountain,"Bushes, Clouds, Conifer, Guest, Lake, Mountain, Mountains, Snowy_Mountain, Steve_Ross, Tree, Trees"
318,S25E06,Oriental Falls,"Bushes, Conifer, Fog, Rocks, Tree, Trees, Waterfall"
319,S25E07,Autumn Palette,"Deciduous, Fence, Lake, Tree, Trees"
320,S25E08,Cypress Swamp,"Deciduous, Lake, Tree"
321,S25E09,Downstream View,"Clouds, Conifer, Cumulus, Deciduous, Grass, River, Rocks, Tree, Trees"
322,S25E10,Just Before The Storm,"Clouds, Framed, Ocean, Oval_Frame, Palm_Trees, Waves"
323,S25E11,Fisherman'S Paradise,"Cabin, Conifer, Lake, Structure, Sun, Tree, Trees"
324,S25E12,Desert Hues,"Cactus, Cirrus, Clouds, Mountain, Path"
325,S25E13,The Property Line,"Bushes, Deciduous, Fence, Snow, Tree, Winter"
326,S26E01,In The Stillness Of Morning,"Bushes, Conifer, Fog, Grass, River, Tree, Trees"
327,S26E02,Delightful Meadow Home,"Cabin, Deciduous, Fence, Grass, Path, Structure, Tree, Trees"
328,S26E03,First Snow,"Clouds, Conifer, Grass, Mountain, Snow, Snowy_Mountain, Tree, Trees, Winter"
329,S26E04,Lake In The Valley,"Bushes, Deciduous, Grass, Lake, Mountain, Path, Snowy_Mountain, Sun, Tree, Trees"
330,S26E05,Trace Of Spring,"Bushes, Conifer, Deciduous, Flowers, Grass, River, Tree, Trees"
331,S26E06,Arctic Winter Day,"Cabin, Clouds, Conifer, Lake, Mountain, Mountains, Snow, Snowy_Mountain, Structure, Tree, Trees, Winter"
332,S26E07,Snow Birch,"Deciduous, Lake, Snow, Tree, Trees, Winter"
333,S26E08,Early Autumn,"Conifer, Deciduous, Framed, Grass, Lake, Mountain, Oval_Frame, Tree, Trees"
334,S26E09,Tranquil Wooded Stream,"Deciduous, River, Rocks, Tree, Trees"
335,S26E10,Purple Mountain Range,
336,S26E11,Storm'S A Comin',"Beach, Clouds, Cumulus, Hills, Ocean, Rocks, Waves"
337,S26E12,Sunset Aglow,"Clouds, Conifer, Lake, Mountain, Tree, Trees"
338,S26E13,Evening At The Falls,"Conifer, Night, River, Tree, Trees, Waterfall"
339,S27E01,Twilight Beauty,"Conifer, Deciduous, Fog, Framed, Lake, Oval_Frame, Sun, Tree, Trees"
340,S27E02,Angler'S Haven,"Conifer, Lake, Mountain, Mountains, Rocks, Snowy_Mountain, Tree, Trees"
341,S27E03,Rustic Winter Woods,"Deciduous, Snow, Sun, Tree, Trees, Winter"
342,S27E04,Wilderness Falls,"Bushes, Clouds, Conifer, Grass, Mountain, Mountains, River, Rocks, Tree, Trees, Waterfall"
343,S27E05,Winter At The Farm,"Conifer, Farm, Fence, Snow, Structure, Tree, Trees, Winter"
344,S27E06,Daisies At Dawn,"Cabin, Conifer, Deciduous, Flowers, Framed, Lake, Oval_Frame, Structure, Tree, Trees"
345,S27E07,Spectacular View,"Cabin, Clouds, Conifer, Cumulus, Mountain, Mountains, Path, Structure, Tree, Trees"
346,S27E08,Daybreak,"Cabin, Conifer, Deciduous, Fence, Fog, Snow, Structure, Tree, Trees, Winter"
347,S27E09,Island Paradise,"Beach, Clouds, Framed, Hills, Ocean, Oval_Frame, Palm_Trees, Rocks, Waves"
348,S27E10,Sunlight In The Shadows,"Bushes, Deciduous, Grass, Guest, River, Sun, Tree, Trees"
349,S27E11,Splendor Of A Snowy White,"Cabin, Conifer, Deciduous, Mountain, Snow, Snowy_Mountain, Structure, Tree, Trees, Winter"
350,S27E12,Forest River,"Deciduous, Grass, River, Sun, Tree, Trees"
351,S27E13,Golden Glow Of Morning,"Conifer, Fog, Lake, Rocks, Sun, Tree, Trees"
352,S28E01,Fisherman'S Trail,"Bushes, Conifer, Lake, Mountain, Mountains, Path, Snowy_Mountain, Tree, Trees"
353,S28E02,To A Warm Winter,"Barn, Conifer, Deciduous, Hills, Snow, Structure, Sun, Tree, Trees, Winter"
354,S28E03,Under Pastel Skies,"Clouds, Conifer, Mountain, Snowy_Mountain, Tree, Trees"
355,S28E04,Golden Rays Of Sunlight,"Bushes, Deciduous, Sun, Tree, Trees"
356,S28E05,Magic Of Fall,"Deciduous, Fence, Grass, Tree"
357,S28E06,Glacier Lake,"Conifer, Grass, Lake, Mountain, Rocks, Snowy_Mountain, Tree, Trees"
358,S28E07,The Old Weathered Barn,"Barn, Deciduous, Grass, Path, Tree, Trees"
359,S28E08,Deep Forest Falls,"Bushes, Deciduous, River, Tree, Trees, Waterfall"
360,S28E09,Winter'S Grace,"Conifer, Fog, Mountain, Mountains, Snow, Tree, Trees, Winter"
361,S28E10,Splendor Of Autumn,"Deciduous, Fog, Grass, Lake, Sun, Tree, Trees"
362,S28E11,Tranquil Seas,"Beach, Clouds, Cumulus, Ocean, Sun, Waves"
363,S28E12,Mountain Serenity,"Bushes, Conifer, Grass, Lake, Mountain, Snowy_Mountain, Tree, Trees"
364,S28E13,Home Before Nightfall,"Cabin, Clouds, Deciduous, Grass, Night, Structure, Tree, Trees"
365,S29E01,Island In The Wilderness,"Bushes, Conifer, Lake, Tree, Trees"
366,S29E02,Autumn Oval,"Bushes, Conifer, Framed, Lake, Mountains, Oval_Frame, Tree, Trees"
367,S29E03,Seasonal Progression,"Bushes, Conifer, Framed, Grass, Lake, Mountain, Mountains, Snow, Snowy_Mountain, Split_Frame, Tree, Trees, Winter"
368,S29E04,Light At The Summit,"Deciduous, Grass, Mountain, Mountains, Path, Sun, Tree, Trees"
369,S29E05,Countryside Barn,"Barn, Deciduous, Grass, Path, Structure, Tree"
370,S29E06,Mountain Lake Falls,"Clouds, Conifer, Cumulus, Lake, Mountain, Mountains, River, Snowy_Mountain, Tree, Trees, Waterfall"
371,S29E07,Cypress Creek,"Deciduous, Grass, River, Tree, Trees"
372,S29E08,Trapper'S Cabin,"Bushes, Cabin, Conifer, Deciduous, Lake, Mountain, Mountains, Structure, Tree, Trees"
373,S29E09,Storm On The Horizon,"Beach, Clouds, Grass, Ocean, Palm_Trees, Rocks, Waves"
374,S29E10,Pot 'O Posies,"Flowers, Guest"
375,S29E11,Perfect Winter'S Day,"Bushes, Cabin, Clouds, Conifer, Mountain, Snow, Snowy_Mountain, Structure, Tree, Trees, Winter"
376,S29E12,Aurora'S Dance,"Aurora_Borealis, Cabin, Conifer, Lake, Night, Snow, Tree, Trees, Winter"
377,S29E13,The Woodman'S Retreat,"Bushes, Conifer, Lake, Mountain, Mountains, Snowy_Mountain, Tree, Trees"
378,S30E01,Babbling Brook,"Bushes, Deciduous, Grass, River, Tree, Waterfall"
379,S30E02,Woodgrain View,"Deciduous, Framed, Grass, Lake, Mountain, Snowy_Mountain, Tree, Wood_Framed"
380,S30E03,Winter'S Peace,"Cabin, Clouds, Conifer, Lake, Structure, Tree, Trees"
381,S30E04,Wilderness Trail,"Bushes, Deciduous, Path, Tree, Trees"
382,S30E05,Copper Winter,"Conifer, Deciduous, Lake, Tree, Trees"
383,S30E06,Misty Foothills,"Clouds, Conifer, Cumulus, Hills, Lake, Mountain, Tree, Trees"
384,S30E07,Through The Window,"Conifer, Deciduous, Framed, Snow, Tree, Trees, Window_Frame, Winter"
385,S30E08,Home In The Valley,"Cabin, Clouds, Conifer, Cumulus, Grass, Lake, Structure, Tree, Trees"
386,S30E09,Mountains Of Grace,"Cirrus, Clouds, Conifer, Deciduous, Guest, Mountain, Mountains, River, Snowy_Mountain, Steve_Ross, Tree, Trees"
387,S30E10,Seaside Harmony,"Beach, Clouds, Ocean, Rocks, Waves"
388,S30E11,Cold Spring Day,"Bushes, Conifer, Lake, Mountain, Mountains, Snowy_Mountain, Tree, Trees"
389,S30E12,Evening'S Glow,"Cabin, Conifer, Deciduous, Grass, Path, Sun, Tree, Trees"
390,S30E13,Blue Ridge Falls,"Bushes, Conifer, Mountain, River, Rocks, Tree, Trees, Waterfall"
391,S31E01,Reflections Of Calm,"Conifer, Lake, Mountain, Mountains, Tree, Trees"
392,S31E02,Before The Snowfall,"Bushes, Cabin, Clouds, Conifer, River, Structure, Tree, Trees"
393,S31E03,Winding Stream,"Clouds, Conifer, Grass, River, Rocks, Tree, Trees"
394,S31E04,Tranquility Cove,"Deciduous, Grass, Lake, Rocks, Tree, Trees"
395,S31E05,Cabin In The Hollow,"Cabin, Conifer, Framed, Oval_Frame, River, Snow, Tree, Trees, Winter"
396,S31E06,View From Clear Creek,"Bushes, Conifer, Grass, Mountain, Mountains, River, Tree, Trees"
397,S31E07,Bridge To Autumn,"Bridge, Deciduous, Lake, Path, Structure, Tree, Trees"
398,S31E08,Trail'S End,"Clouds, Deciduous, Path, Tree, Trees"
399,S31E09,Evergreen Valley,"Conifer, Grass, Mountain, Mountains, Rocks, Snowy_Mountain, Tree, Trees"
400,S31E10,Balmy Beach,"Beach, Framed, Ocean, Palm_Trees, Rocks, Seashell_Frame, Waves"
401,S31E11,Lake At The Ridge,"Clouds, Conifer, Deciduous, Grass, Guest, Lake, Mountain, Mountains, Snowy_Mountain, Steve_Ross, Tree, Trees"
402,S31E12,In The Midst Of Winter,"Barn, Conifer, Deciduous, Fog, Path, Snow, Structure, Tree, Trees, Winter"
403,S31E13,Wilderness Day,"Deciduous, Grass, Mountain, Tree, Trees"
